<?xml version="1.0" encoding="utf-8"?>
<beans xmlns="http://www.springframework.org/schema/beans"
	xmlns:xsi="http://www.w3.org/2001/XMLSchema-instance" xmlns:mvc="http://www.springframework.org/schema/mvc"
	xmlns:context="http://www.springframework.org/schema/context"
	xmlns:aop="http://www.springframework.org/schema/aop"
	xsi:schemaLocation="http://www.springframework.org/schema/beans http://www.springframework.org/schema/beans/spring-beans.xsd
	http://www.springframework.org/schema/mvc http://www.springframework.org/schema/mvc/spring-mvc.xsd
		http://www.springframework.org/schema/context http://www.springframework.org/schema/context/spring-context.xsd
		http://www.springframework.org/schema/aop http://www.springframework.org/schema/aop/spring-aop.xsd">


	<!-- Annotation are configuring the application -->
	<mvc:annotation-driven />
	<!-- Scan this package for all config annotations -->
	<context:component-scan base-package="com.siteminder.web" />

	<!-- Ensures that any resource requests not handled by Spring MVC mappings 
		will be delegated back to the Servlet container -->
	<mvc:default-servlet-handler />

	<!-- Handles HTTP GET requests for /resources/** by efficiently serving 
		up static resources in the ${webappRoot}/resources directory -->
	<mvc:resources mapping="/js/**" location="/assets/js/" />
	<mvc:resources mapping="/css/**" location="/assets/css/" />
	<mvc:resources mapping="/images/**" location="/assets/images/" />




	<bean id="viewResolver"
		class="org.springframework.web.servlet.view.InternalResourceViewResolver">
		<property name="prefix" value="/WEB-INF/jsp/" />
		<property name="suffix" value=".jsp" />
	</bean>
	
	<bean id="messageSource"
      class="org.springframework.context.support.ReloadableResourceBundleMessageSource">
    <property name="basename" value="classpath:message" />
</bean>



</beans>